label,x,Q2_GeV2,phi_rad,phi_deg,y,F2d,F1_fixedR,U,K2_nb_GeV2,Delta_spec,T,sigma_Ey_nb_GeV4
P1,0.044,0.737,0.000000,0.0000,0.811688,2.751793e-01,2.674531e+00,1.293511e-01,1.278832e+03,1.622382e-02,6.721295e-05,1.65504267e+02
P1,0.044,0.737,0.174533,10.0000,0.811688,2.751793e-01,2.674531e+00,1.293511e-01,1.278832e+03,1.622382e-02,6.721295e-05,1.65499084e+02
P1,0.044,0.737,0.349066,20.0000,0.811688,2.751793e-01,2.674531e+00,1.293511e-01,1.278832e+03,1.622382e-02,6.721295e-05,1.65484158e+02
P1,0.044,0.737,0.523599,30.0000,0.811688,2.751793e-01,2.674531e+00,1.293511e-01,1.278832e+03,1.622382e-02,6.721295e-05,1.65461290e+02
P1,0.044,0.737,0.698132,40.0000,0.811688,2.751793e-01,2.674531e+00,1.293511e-01,1.278832e+03,1.622382e-02,6.721295e-05,1.65433239e+02
P1,0.044,0.737,0.872665,50.0000,0.811688,2.751793e-01,2.674531e+00,1.293511e-01,1.278832e+03,1.622382e-02,6.721295e-05,1.65403388e+02
P1,0.044,0.737,1.047198,60.0000,0.811688,2.751793e-01,2.674531e+00,1.293511e-01,1.278832e+03,1.622382e-02,6.721295e-05,1.65375336e+02
P1,0.044,0.737,1.221730,70.0000,0.811688,2.751793e-01,2.674531e+00,1.293511e-01,1.278832e+03,1.622382e-02,6.721295e-05,1.65352469e+02
P1,0.044,0.737,1.396263,80.0000,0.811688,2.751793e-01,2.674531e+00,1.293511e-01,1.278832e+03,1.622382e-02,6.721295e-05,1.65337543e+02
P1,0.044,0.737,1.570796,90.0000,0.811688,2.751793e-01,2.674531e+00,1.293511e-01,1.278832e+03,1.622382e-02,6.721295e-05,1.65332359e+02
P1,0.044,0.737,1.745329,100.0000,0.811688,2.751793e-01,2.674531e+00,1.293511e-01,1.278832e+03,1.622382e-02,6.721295e-05,1.65337543e+02
P1,0.044,0.737,1.919862,110.0000,0.811688,2.751793e-01,2.674531e+00,1.293511e-01,1.278832e+03,1.622382e-02,6.721295e-05,1.65352469e+02
P1,0.044,0.737,2.094395,120.0000,0.811688,2.751793e-01,2.674531e+00,1.293511e-01,1.278832e+03,1.622382e-02,6.721295e-05,1.65375336e+02
P1,0.044,0.737,2.268928,130.0000,0.811688,2.751793e-01,2.674531e+00,1.293511e-01,1.278832e+03,1.622382e-02,6.721295e-05,1.65403388e+02
P1,0.044,0.737,2.443461,140.0000,0.811688,2.751793e-01,2.674531e+00,1.293511e-01,1.278832e+03,1.622382e-02,6.721295e-05,1.65433239e+02
P1,0.044,0.737,2.617994,150.0000,0.811688,2.751793e-01,2.674531e+00,1.293511e-01,1.278832e+03,1.622382e-02,6.721295e-05,1.65461290e+02
P1,0.044,0.737,2.792527,160.0000,0.811688,2.751793e-01,2.674531e+00,1.293511e-01,1.278832e+03,1.622382e-02,6.721295e-05,1.65484158e+02
P1,0.044,0.737,2.967060,170.0000,0.811688,2.751793e-01,2.674531e+00,1.293511e-01,1.278832e+03,1.622382e-02,6.721295e-05,1.65499084e+02
P1,0.044,0.737,3.141593,180.0000,0.811688,2.751793e-01,2.674531e+00,1.293511e-01,1.278832e+03,1.622382e-02,6.721295e-05,1.65504267e+02
P1,0.044,0.737,3.316126,190.0000,0.811688,2.751793e-01,2.674531e+00,1.293511e-01,1.278832e+03,1.622382e-02,6.721295e-05,1.65499084e+02
P1,0.044,0.737,3.490659,200.0000,0.811688,2.751793e-01,2.674531e+00,1.293511e-01,1.278832e+03,1.622382e-02,6.721295e-05,1.65484158e+02
P1,0.044,0.737,3.665191,210.0000,0.811688,2.751793e-01,2.674531e+00,1.293511e-01,1.278832e+03,1.622382e-02,6.721295e-05,1.65461290e+02
P1,0.044,0.737,3.839724,220.0000,0.811688,2.751793e-01,2.674531e+00,1.293511e-01,1.278832e+03,1.622382e-02,6.721295e-05,1.65433239e+02
P1,0.044,0.737,4.014257,230.0000,0.811688,2.751793e-01,2.674531e+00,1.293511e-01,1.278832e+03,1.622382e-02,6.721295e-05,1.65403388e+02
P1,0.044,0.737,4.188790,240.0000,0.811688,2.751793e-01,2.674531e+00,1.293511e-01,1.278832e+03,1.622382e-02,6.721295e-05,1.65375336e+02
P1,0.044,0.737,4.363323,250.0000,0.811688,2.751793e-01,2.674531e+00,1.293511e-01,1.278832e+03,1.622382e-02,6.721295e-05,1.65352469e+02
P1,0.044,0.737,4.537856,260.0000,0.811688,2.751793e-01,2.674531e+00,1.293511e-01,1.278832e+03,1.622382e-02,6.721295e-05,1.65337543e+02
P1,0.044,0.737,4.712389,270.0000,0.811688,2.751793e-01,2.674531e+00,1.293511e-01,1.278832e+03,1.622382e-02,6.721295e-05,1.65332359e+02
P1,0.044,0.737,4.886922,280.0000,0.811688,2.751793e-01,2.674531e+00,1.293511e-01,1.278832e+03,1.622382e-02,6.721295e-05,1.65337543e+02
P1,0.044,0.737,5.061455,290.0000,0.811688,2.751793e-01,2.674531e+00,1.293511e-01,1.278832e+03,1.622382e-02,6.721295e-05,1.65352469e+02
P1,0.044,0.737,5.235988,300.0000,0.811688,2.751793e-01,2.674531e+00,1.293511e-01,1.278832e+03,1.622382e-02,6.721295e-05,1.65375336e+02
P1,0.044,0.737,5.410521,310.0000,0.811688,2.751793e-01,2.674531e+00,1.293511e-01,1.278832e+03,1.622382e-02,6.721295e-05,1.65403388e+02
P1,0.044,0.737,5.585054,320.0000,0.811688,2.751793e-01,2.674531e+00,1.293511e-01,1.278832e+03,1.622382e-02,6.721295e-05,1.65433239e+02
P1,0.044,0.737,5.759587,330.0000,0.811688,2.751793e-01,2.674531e+00,1.293511e-01,1.278832e+03,1.622382e-02,6.721295e-05,1.65461290e+02
P1,0.044,0.737,5.934119,340.0000,0.811688,2.751793e-01,2.674531e+00,1.293511e-01,1.278832e+03,1.622382e-02,6.721295e-05,1.65484158e+02
P1,0.044,0.737,6.108652,350.0000,0.811688,2.751793e-01,2.674531e+00,1.293511e-01,1.278832e+03,1.622382e-02,6.721295e-05,1.65499084e+02
P1,0.044,0.737,6.283185,360.0000,0.811688,2.751793e-01,2.674531e+00,1.293511e-01,1.278832e+03,1.622382e-02,6.721295e-05,1.65504267e+02
P2,0.074,1.105,0.000000,0.0000,0.723611,3.062191e-01,1.784012e+00,1.537613e-01,5.071536e+02,9.982478e-03,1.020848e-04,7.80323973e+01
P2,0.074,1.105,0.174533,10.0000,0.723611,3.062191e-01,1.784012e+00,1.537613e-01,5.071536e+02,9.982478e-03,1.020848e-04,7.80292751e+01
P2,0.074,1.105,0.349066,20.0000,0.723611,3.062191e-01,1.784012e+00,1.537613e-01,5.071536e+02,9.982478e-03,1.020848e-04,7.80202848e+01
P2,0.074,1.105,0.523599,30.0000,0.723611,3.062191e-01,1.784012e+00,1.537613e-01,5.071536e+02,9.982478e-03,1.020848e-04,7.80065110e+01
P2,0.074,1.105,0.698132,40.0000,0.723611,3.062191e-01,1.784012e+00,1.537613e-01,5.071536e+02,9.982478e-03,1.020848e-04,7.79896149e+01
P2,0.074,1.105,0.872665,50.0000,0.723611,3.062191e-01,1.784012e+00,1.537613e-01,5.071536e+02,9.982478e-03,1.020848e-04,7.79716344e+01
P2,0.074,1.105,1.047198,60.0000,0.723611,3.062191e-01,1.784012e+00,1.537613e-01,5.071536e+02,9.982478e-03,1.020848e-04,7.79547383e+01
P2,0.074,1.105,1.221730,70.0000,0.723611,3.062191e-01,1.784012e+00,1.537613e-01,5.071536e+02,9.982478e-03,1.020848e-04,7.79409645e+01
P2,0.074,1.105,1.396263,80.0000,0.723611,3.062191e-01,1.784012e+00,1.537613e-01,5.071536e+02,9.982478e-03,1.020848e-04,7.79319742e+01
P2,0.074,1.105,1.570796,90.0000,0.723611,3.062191e-01,1.784012e+00,1.537613e-01,5.071536e+02,9.982478e-03,1.020848e-04,7.79288520e+01
P2,0.074,1.105,1.745329,100.0000,0.723611,3.062191e-01,1.784012e+00,1.537613e-01,5.071536e+02,9.982478e-03,1.020848e-04,7.79319742e+01
P2,0.074,1.105,1.919862,110.0000,0.723611,3.062191e-01,1.784012e+00,1.537613e-01,5.071536e+02,9.982478e-03,1.020848e-04,7.79409645e+01
P2,0.074,1.105,2.094395,120.0000,0.723611,3.062191e-01,1.784012e+00,1.537613e-01,5.071536e+02,9.982478e-03,1.020848e-04,7.79547383e+01
P2,0.074,1.105,2.268928,130.0000,0.723611,3.062191e-01,1.784012e+00,1.537613e-01,5.071536e+02,9.982478e-03,1.020848e-04,7.79716344e+01
P2,0.074,1.105,2.443461,140.0000,0.723611,3.062191e-01,1.784012e+00,1.537613e-01,5.071536e+02,9.982478e-03,1.020848e-04,7.79896149e+01
P2,0.074,1.105,2.617994,150.0000,0.723611,3.062191e-01,1.784012e+00,1.537613e-01,5.071536e+02,9.982478e-03,1.020848e-04,7.80065110e+01
P2,0.074,1.105,2.792527,160.0000,0.723611,3.062191e-01,1.784012e+00,1.537613e-01,5.071536e+02,9.982478e-03,1.020848e-04,7.80202848e+01
P2,0.074,1.105,2.967060,170.0000,0.723611,3.062191e-01,1.784012e+00,1.537613e-01,5.071536e+02,9.982478e-03,1.020848e-04,7.80292751e+01
P2,0.074,1.105,3.141593,180.0000,0.723611,3.062191e-01,1.784012e+00,1.537613e-01,5.071536e+02,9.982478e-03,1.020848e-04,7.80323973e+01
P2,0.074,1.105,3.316126,190.0000,0.723611,3.062191e-01,1.784012e+00,1.537613e-01,5.071536e+02,9.982478e-03,1.020848e-04,7.80292751e+01
P2,0.074,1.105,3.490659,200.0000,0.723611,3.062191e-01,1.784012e+00,1.537613e-01,5.071536e+02,9.982478e-03,1.020848e-04,7.80202848e+01
P2,0.074,1.105,3.665191,210.0000,0.723611,3.062191e-01,1.784012e+00,1.537613e-01,5.071536e+02,9.982478e-03,1.020848e-04,7.80065110e+01
P2,0.074,1.105,3.839724,220.0000,0.723611,3.062191e-01,1.784012e+00,1.537613e-01,5.071536e+02,9.982478e-03,1.020848e-04,7.79896149e+01
P2,0.074,1.105,4.014257,230.0000,0.723611,3.062191e-01,1.784012e+00,1.537613e-01,5.071536e+02,9.982478e-03,1.020848e-04,7.79716344e+01
P2,0.074,1.105,4.188790,240.0000,0.723611,3.062191e-01,1.784012e+00,1.537613e-01,5.071536e+02,9.982478e-03,1.020848e-04,7.79547383e+01
P2,0.074,1.105,4.363323,250.0000,0.723611,3.062191e-01,1.784012e+00,1.537613e-01,5.071536e+02,9.982478e-03,1.020848e-04,7.79409645e+01
P2,0.074,1.105,4.537856,260.0000,0.723611,3.062191e-01,1.784012e+00,1.537613e-01,5.071536e+02,9.982478e-03,1.020848e-04,7.79319742e+01
P2,0.074,1.105,4.712389,270.0000,0.723611,3.062191e-01,1.784012e+00,1.537613e-01,5.071536e+02,9.982478e-03,1.020848e-04,7.79288520e+01
P2,0.074,1.105,4.886922,280.0000,0.723611,3.062191e-01,1.784012e+00,1.537613e-01,5.071536e+02,9.982478e-03,1.020848e-04,7.79319742e+01
P2,0.074,1.105,5.061455,290.0000,0.723611,3.062191e-01,1.784012e+00,1.537613e-01,5.071536e+02,9.982478e-03,1.020848e-04,7.79409645e+01
P2,0.074,1.105,5.235988,300.0000,0.723611,3.062191e-01,1.784012e+00,1.537613e-01,5.071536e+02,9.982478e-03,1.020848e-04,7.79547383e+01
P2,0.074,1.105,5.410521,310.0000,0.723611,3.062191e-01,1.784012e+00,1.537613e-01,5.071536e+02,9.982478e-03,1.020848e-04,7.79716344e+01
P2,0.074,1.105,5.585054,320.0000,0.723611,3.062191e-01,1.784012e+00,1.537613e-01,5.071536e+02,9.982478e-03,1.020848e-04,7.79896149e+01
P2,0.074,1.105,5.759587,330.0000,0.723611,3.062191e-01,1.784012e+00,1.537613e-01,5.071536e+02,9.982478e-03,1.020848e-04,7.80065110e+01
P2,0.074,1.105,5.934119,340.0000,0.723611,3.062191e-01,1.784012e+00,1.537613e-01,5.071536e+02,9.982478e-03,1.020848e-04,7.80202848e+01
P2,0.074,1.105,6.108652,350.0000,0.723611,3.062191e-01,1.784012e+00,1.537613e-01,5.071536e+02,9.982478e-03,1.020848e-04,7.80292751e+01
P2,0.074,1.105,6.283185,360.0000,0.723611,3.062191e-01,1.784012e+00,1.537613e-01,5.071536e+02,9.982478e-03,1.020848e-04,7.80323973e+01
P3,0.089,1.499,0.000000,0.0000,0.816180,3.192849e-01,1.548384e+00,1.504905e-01,3.108436e+02,7.667151e-03,6.271712e-05,4.67984996e+01
P3,0.089,1.499,0.174533,10.0000,0.816180,3.192849e-01,1.548384e+00,1.504905e-01,3.108436e+02,7.667151e-03,6.271712e-05,4.67973239e+01
P3,0.089,1.499,0.349066,20.0000,0.816180,3.192849e-01,1.548384e+00,1.504905e-01,3.108436e+02,7.667151e-03,6.271712e-05,4.67939386e+01
P3,0.089,1.499,0.523599,30.0000,0.816180,3.192849e-01,1.548384e+00,1.504905e-01,3.108436e+02,7.667151e-03,6.271712e-05,4.67887520e+01
P3,0.089,1.499,0.698132,40.0000,0.816180,3.192849e-01,1.548384e+00,1.504905e-01,3.108436e+02,7.667151e-03,6.271712e-05,4.67823897e+01
P3,0.089,1.499,0.872665,50.0000,0.816180,3.192849e-01,1.548384e+00,1.504905e-01,3.108436e+02,7.667151e-03,6.271712e-05,4.67756190e+01
P3,0.089,1.499,1.047198,60.0000,0.816180,3.192849e-01,1.548384e+00,1.504905e-01,3.108436e+02,7.667151e-03,6.271712e-05,4.67692567e+01
P3,0.089,1.499,1.221730,70.0000,0.816180,3.192849e-01,1.548384e+00,1.504905e-01,3.108436e+02,7.667151e-03,6.271712e-05,4.67640702e+01
P3,0.089,1.499,1.396263,80.0000,0.816180,3.192849e-01,1.548384e+00,1.504905e-01,3.108436e+02,7.667151e-03,6.271712e-05,4.67606848e+01
P3,0.089,1.499,1.570796,90.0000,0.816180,3.192849e-01,1.548384e+00,1.504905e-01,3.108436e+02,7.667151e-03,6.271712e-05,4.67595091e+01
P3,0.089,1.499,1.745329,100.0000,0.816180,3.192849e-01,1.548384e+00,1.504905e-01,3.108436e+02,7.667151e-03,6.271712e-05,4.67606848e+01
P3,0.089,1.499,1.919862,110.0000,0.816180,3.192849e-01,1.548384e+00,1.504905e-01,3.108436e+02,7.667151e-03,6.271712e-05,4.67640702e+01
P3,0.089,1.499,2.094395,120.0000,0.816180,3.192849e-01,1.548384e+00,1.504905e-01,3.108436e+02,7.667151e-03,6.271712e-05,4.67692567e+01
P3,0.089,1.499,2.268928,130.0000,0.816180,3.192849e-01,1.548384e+00,1.504905e-01,3.108436e+02,7.667151e-03,6.271712e-05,4.67756190e+01
P3,0.089,1.499,2.443461,140.0000,0.816180,3.192849e-01,1.548384e+00,1.504905e-01,3.108436e+02,7.667151e-03,6.271712e-05,4.67823897e+01
P3,0.089,1.499,2.617994,150.0000,0.816180,3.192849e-01,1.548384e+00,1.504905e-01,3.108436e+02,7.667151e-03,6.271712e-05,4.67887520e+01
P3,0.089,1.499,2.792527,160.0000,0.816180,3.192849e-01,1.548384e+00,1.504905e-01,3.108436e+02,7.667151e-03,6.271712e-05,4.67939386e+01
P3,0.089,1.499,2.967060,170.0000,0.816180,3.192849e-01,1.548384e+00,1.504905e-01,3.108436e+02,7.667151e-03,6.271712e-05,4.67973239e+01
P3,0.089,1.499,3.141593,180.0000,0.816180,3.192849e-01,1.548384e+00,1.504905e-01,3.108436e+02,7.667151e-03,6.271712e-05,4.67984996e+01
P3,0.089,1.499,3.316126,190.0000,0.816180,3.192849e-01,1.548384e+00,1.504905e-01,3.108436e+02,7.667151e-03,6.271712e-05,4.67973239e+01
P3,0.089,1.499,3.490659,200.0000,0.816180,3.192849e-01,1.548384e+00,1.504905e-01,3.108436e+02,7.667151e-03,6.271712e-05,4.67939386e+01
P3,0.089,1.499,3.665191,210.0000,0.816180,3.192849e-01,1.548384e+00,1.504905e-01,3.108436e+02,7.667151e-03,6.271712e-05,4.67887520e+01
P3,0.089,1.499,3.839724,220.0000,0.816180,3.192849e-01,1.548384e+00,1.504905e-01,3.108436e+02,7.667151e-03,6.271712e-05,4.67823897e+01
P3,0.089,1.499,4.014257,230.0000,0.816180,3.192849e-01,1.548384e+00,1.504905e-01,3.108436e+02,7.667151e-03,6.271712e-05,4.67756190e+01
P3,0.089,1.499,4.188790,240.0000,0.816180,3.192849e-01,1.548384e+00,1.504905e-01,3.108436e+02,7.667151e-03,6.271712e-05,4.67692567e+01
P3,0.089,1.499,4.363323,250.0000,0.816180,3.192849e-01,1.548384e+00,1.504905e-01,3.108436e+02,7.667151e-03,6.271712e-05,4.67640702e+01
P3,0.089,1.499,4.537856,260.0000,0.816180,3.192849e-01,1.548384e+00,1.504905e-01,3.108436e+02,7.667151e-03,6.271712e-05,4.67606848e+01
P3,0.089,1.499,4.712389,270.0000,0.816180,3.192849e-01,1.548384e+00,1.504905e-01,3.108436e+02,7.667151e-03,6.271712e-05,4.67595091e+01
P3,0.089,1.499,4.886922,280.0000,0.816180,3.192849e-01,1.548384e+00,1.504905e-01,3.108436e+02,7.667151e-03,6.271712e-05,4.67606848e+01
P3,0.089,1.499,5.061455,290.0000,0.816180,3.192849e-01,1.548384e+00,1.504905e-01,3.108436e+02,7.667151e-03,6.271712e-05,4.67640702e+01
P3,0.089,1.499,5.235988,300.0000,0.816180,3.192849e-01,1.548384e+00,1.504905e-01,3.108436e+02,7.667151e-03,6.271712e-05,4.67692567e+01
P3,0.089,1.499,5.410521,310.0000,0.816180,3.192849e-01,1.548384e+00,1.504905e-01,3.108436e+02,7.667151e-03,6.271712e-05,4.67756190e+01
P3,0.089,1.499,5.585054,320.0000,0.816180,3.192849e-01,1.548384e+00,1.504905e-01,3.108436e+02,7.667151e-03,6.271712e-05,4.67823897e+01
P3,0.089,1.499,5.759587,330.0000,0.816180,3.192849e-01,1.548384e+00,1.504905e-01,3.108436e+02,7.667151e-03,6.271712e-05,4.67887520e+01
P3,0.089,1.499,5.934119,340.0000,0.816180,3.192849e-01,1.548384e+00,1.504905e-01,3.108436e+02,7.667151e-03,6.271712e-05,4.67939386e+01
P3,0.089,1.499,6.108652,350.0000,0.816180,3.192849e-01,1.548384e+00,1.504905e-01,3.108436e+02,7.667151e-03,6.271712e-05,4.67973239e+01
P3,0.089,1.499,6.283185,360.0000,0.816180,3.192849e-01,1.548384e+00,1.504905e-01,3.108436e+02,7.667151e-03,6.271712e-05,4.67984996e+01
P4,0.112,1.474,0.000000,0.0000,0.637755,3.166636e-01,1.233913e+00,1.709194e-01,2.511991e+02,5.872227e-03,1.191223e-04,4.29647083e+01
P4,0.112,1.474,0.174533,10.0000,0.637755,3.166636e-01,1.233913e+00,1.709194e-01,2.511991e+02,5.872227e-03,1.191223e-04,4.29629037e+01
P4,0.112,1.474,0.349066,20.0000,0.637755,3.166636e-01,1.233913e+00,1.709194e-01,2.511991e+02,5.872227e-03,1.191223e-04,4.29577075e+01
P4,0.112,1.474,0.523599,30.0000,0.637755,3.166636e-01,1.233913e+00,1.709194e-01,2.511991e+02,5.872227e-03,1.191223e-04,4.29497466e+01
P4,0.112,1.474,0.698132,40.0000,0.637755,3.166636e-01,1.233913e+00,1.709194e-01,2.511991e+02,5.872227e-03,1.191223e-04,4.29399810e+01
P4,0.112,1.474,0.872665,50.0000,0.637755,3.166636e-01,1.233913e+00,1.709194e-01,2.511991e+02,5.872227e-03,1.191223e-04,4.29295887e+01
P4,0.112,1.474,1.047198,60.0000,0.637755,3.166636e-01,1.233913e+00,1.709194e-01,2.511991e+02,5.872227e-03,1.191223e-04,4.29198232e+01
P4,0.112,1.474,1.221730,70.0000,0.637755,3.166636e-01,1.233913e+00,1.709194e-01,2.511991e+02,5.872227e-03,1.191223e-04,4.29118622e+01
P4,0.112,1.474,1.396263,80.0000,0.637755,3.166636e-01,1.233913e+00,1.709194e-01,2.511991e+02,5.872227e-03,1.191223e-04,4.29066661e+01
P4,0.112,1.474,1.570796,90.0000,0.637755,3.166636e-01,1.233913e+00,1.709194e-01,2.511991e+02,5.872227e-03,1.191223e-04,4.29048615e+01
P4,0.112,1.474,1.745329,100.0000,0.637755,3.166636e-01,1.233913e+00,1.709194e-01,2.511991e+02,5.872227e-03,1.191223e-04,4.29066661e+01
P4,0.112,1.474,1.919862,110.0000,0.637755,3.166636e-01,1.233913e+00,1.709194e-01,2.511991e+02,5.872227e-03,1.191223e-04,4.29118622e+01
P4,0.112,1.474,2.094395,120.0000,0.637755,3.166636e-01,1.233913e+00,1.709194e-01,2.511991e+02,5.872227e-03,1.191223e-04,4.29198232e+01
P4,0.112,1.474,2.268928,130.0000,0.637755,3.166636e-01,1.233913e+00,1.709194e-01,2.511991e+02,5.872227e-03,1.191223e-04,4.29295887e+01
P4,0.112,1.474,2.443461,140.0000,0.637755,3.166636e-01,1.233913e+00,1.709194e-01,2.511991e+02,5.872227e-03,1.191223e-04,4.29399810e+01
P4,0.112,1.474,2.617994,150.0000,0.637755,3.166636e-01,1.233913e+00,1.709194e-01,2.511991e+02,5.872227e-03,1.191223e-04,4.29497466e+01
P4,0.112,1.474,2.792527,160.0000,0.637755,3.166636e-01,1.233913e+00,1.709194e-01,2.511991e+02,5.872227e-03,1.191223e-04,4.29577075e+01
P4,0.112,1.474,2.967060,170.0000,0.637755,3.166636e-01,1.233913e+00,1.709194e-01,2.511991e+02,5.872227e-03,1.191223e-04,4.29629037e+01
P4,0.112,1.474,3.141593,180.0000,0.637755,3.166636e-01,1.233913e+00,1.709194e-01,2.511991e+02,5.872227e-03,1.191223e-04,4.29647083e+01
P4,0.112,1.474,3.316126,190.0000,0.637755,3.166636e-01,1.233913e+00,1.709194e-01,2.511991e+02,5.872227e-03,1.191223e-04,4.29629037e+01
P4,0.112,1.474,3.490659,200.0000,0.637755,3.166636e-01,1.233913e+00,1.709194e-01,2.511991e+02,5.872227e-03,1.191223e-04,4.29577075e+01
P4,0.112,1.474,3.665191,210.0000,0.637755,3.166636e-01,1.233913e+00,1.709194e-01,2.511991e+02,5.872227e-03,1.191223e-04,4.29497466e+01
P4,0.112,1.474,3.839724,220.0000,0.637755,3.166636e-01,1.233913e+00,1.709194e-01,2.511991e+02,5.872227e-03,1.191223e-04,4.29399810e+01
P4,0.112,1.474,4.014257,230.0000,0.637755,3.166636e-01,1.233913e+00,1.709194e-01,2.511991e+02,5.872227e-03,1.191223e-04,4.29295887e+01
P4,0.112,1.474,4.188790,240.0000,0.637755,3.166636e-01,1.233913e+00,1.709194e-01,2.511991e+02,5.872227e-03,1.191223e-04,4.29198232e+01
P4,0.112,1.474,4.363323,250.0000,0.637755,3.166636e-01,1.233913e+00,1.709194e-01,2.511991e+02,5.872227e-03,1.191223e-04,4.29118622e+01
P4,0.112,1.474,4.537856,260.0000,0.637755,3.166636e-01,1.233913e+00,1.709194e-01,2.511991e+02,5.872227e-03,1.191223e-04,4.29066661e+01
P4,0.112,1.474,4.712389,270.0000,0.637755,3.166636e-01,1.233913e+00,1.709194e-01,2.511991e+02,5.872227e-03,1.191223e-04,4.29048615e+01
P4,0.112,1.474,4.886922,280.0000,0.637755,3.166636e-01,1.233913e+00,1.709194e-01,2.511991e+02,5.872227e-03,1.191223e-04,4.29066661e+01
P4,0.112,1.474,5.061455,290.0000,0.637755,3.166636e-01,1.233913e+00,1.709194e-01,2.511991e+02,5.872227e-03,1.191223e-04,4.29118622e+01
P4,0.112,1.474,5.235988,300.0000,0.637755,3.166636e-01,1.233913e+00,1.709194e-01,2.511991e+02,5.872227e-03,1.191223e-04,4.29198232e+01
P4,0.112,1.474,5.410521,310.0000,0.637755,3.166636e-01,1.233913e+00,1.709194e-01,2.511991e+02,5.872227e-03,1.191223e-04,4.29295887e+01
P4,0.112,1.474,5.585054,320.0000,0.637755,3.166636e-01,1.233913e+00,1.709194e-01,2.511991e+02,5.872227e-03,1.191223e-04,4.29399810e+01
P4,0.112,1.474,5.759587,330.0000,0.637755,3.166636e-01,1.233913e+00,1.709194e-01,2.511991e+02,5.872227e-03,1.191223e-04,4.29497466e+01
P4,0.112,1.474,5.934119,340.0000,0.637755,3.166636e-01,1.233913e+00,1.709194e-01,2.511991e+02,5.872227e-03,1.191223e-04,4.29577075e+01
P4,0.112,1.474,6.108652,350.0000,0.637755,3.166636e-01,1.233913e+00,1.709194e-01,2.511991e+02,5.872227e-03,1.191223e-04,4.29629037e+01
P4,0.112,1.474,6.283185,360.0000,0.637755,3.166636e-01,1.233913e+00,1.709194e-01,2.511991e+02,5.872227e-03,1.191223e-04,4.29647083e+01
P5,0.15,2.249,0.000000,0.0000,0.726562,3.175724e-01,9.286836e-01,1.603731e-01,1.229286e+02,3.322082e-03,6.812877e-05,1.97228128e+01
P5,0.15,2.249,0.174533,10.0000,0.726562,3.175724e-01,9.286836e-01,1.603731e-01,1.229286e+02,3.322082e-03,6.812877e-05,1.97223077e+01
P5,0.15,2.249,0.349066,20.0000,0.726562,3.175724e-01,9.286836e-01,1.603731e-01,1.229286e+02,3.322082e-03,6.812877e-05,1.97208534e+01
P5,0.15,2.249,0.523599,30.0000,0.726562,3.175724e-01,9.286836e-01,1.603731e-01,1.229286e+02,3.322082e-03,6.812877e-05,1.97186253e+01
P5,0.15,2.249,0.698132,40.0000,0.726562,3.175724e-01,9.286836e-01,1.603731e-01,1.229286e+02,3.322082e-03,6.812877e-05,1.97158921e+01
P5,0.15,2.249,0.872665,50.0000,0.726562,3.175724e-01,9.286836e-01,1.603731e-01,1.229286e+02,3.322082e-03,6.812877e-05,1.97129835e+01
P5,0.15,2.249,1.047198,60.0000,0.726562,3.175724e-01,9.286836e-01,1.603731e-01,1.229286e+02,3.322082e-03,6.812877e-05,1.97102503e+01
P5,0.15,2.249,1.221730,70.0000,0.726562,3.175724e-01,9.286836e-01,1.603731e-01,1.229286e+02,3.322082e-03,6.812877e-05,1.97080222e+01
P5,0.15,2.249,1.396263,80.0000,0.726562,3.175724e-01,9.286836e-01,1.603731e-01,1.229286e+02,3.322082e-03,6.812877e-05,1.97065679e+01
P5,0.15,2.249,1.570796,90.0000,0.726562,3.175724e-01,9.286836e-01,1.603731e-01,1.229286e+02,3.322082e-03,6.812877e-05,1.97060628e+01
P5,0.15,2.249,1.745329,100.0000,0.726562,3.175724e-01,9.286836e-01,1.603731e-01,1.229286e+02,3.322082e-03,6.812877e-05,1.97065679e+01
P5,0.15,2.249,1.919862,110.0000,0.726562,3.175724e-01,9.286836e-01,1.603731e-01,1.229286e+02,3.322082e-03,6.812877e-05,1.97080222e+01
P5,0.15,2.249,2.094395,120.0000,0.726562,3.175724e-01,9.286836e-01,1.603731e-01,1.229286e+02,3.322082e-03,6.812877e-05,1.97102503e+01
P5,0.15,2.249,2.268928,130.0000,0.726562,3.175724e-01,9.286836e-01,1.603731e-01,1.229286e+02,3.322082e-03,6.812877e-05,1.97129835e+01
P5,0.15,2.249,2.443461,140.0000,0.726562,3.175724e-01,9.286836e-01,1.603731e-01,1.229286e+02,3.322082e-03,6.812877e-05,1.97158921e+01
P5,0.15,2.249,2.617994,150.0000,0.726562,3.175724e-01,9.286836e-01,1.603731e-01,1.229286e+02,3.322082e-03,6.812877e-05,1.97186253e+01
P5,0.15,2.249,2.792527,160.0000,0.726562,3.175724e-01,9.286836e-01,1.603731e-01,1.229286e+02,3.322082e-03,6.812877e-05,1.97208534e+01
P5,0.15,2.249,2.967060,170.0000,0.726562,3.175724e-01,9.286836e-01,1.603731e-01,1.229286e+02,3.322082e-03,6.812877e-05,1.97223077e+01
P5,0.15,2.249,3.141593,180.0000,0.726562,3.175724e-01,9.286836e-01,1.603731e-01,1.229286e+02,3.322082e-03,6.812877e-05,1.97228128e+01
P5,0.15,2.249,3.316126,190.0000,0.726562,3.175724e-01,9.286836e-01,1.603731e-01,1.229286e+02,3.322082e-03,6.812877e-05,1.97223077e+01
P5,0.15,2.249,3.490659,200.0000,0.726562,3.175724e-01,9.286836e-01,1.603731e-01,1.229286e+02,3.322082e-03,6.812877e-05,1.97208534e+01
P5,0.15,2.249,3.665191,210.0000,0.726562,3.175724e-01,9.286836e-01,1.603731e-01,1.229286e+02,3.322082e-03,6.812877e-05,1.97186253e+01
P5,0.15,2.249,3.839724,220.0000,0.726562,3.175724e-01,9.286836e-01,1.603731e-01,1.229286e+02,3.322082e-03,6.812877e-05,1.97158921e+01
P5,0.15,2.249,4.014257,230.0000,0.726562,3.175724e-01,9.286836e-01,1.603731e-01,1.229286e+02,3.322082e-03,6.812877e-05,1.97129835e+01
P5,0.15,2.249,4.188790,240.0000,0.726562,3.175724e-01,9.286836e-01,1.603731e-01,1.229286e+02,3.322082e-03,6.812877e-05,1.97102503e+01
P5,0.15,2.249,4.363323,250.0000,0.726562,3.175724e-01,9.286836e-01,1.603731e-01,1.229286e+02,3.322082e-03,6.812877e-05,1.97080222e+01
P5,0.15,2.249,4.537856,260.0000,0.726562,3.175724e-01,9.286836e-01,1.603731e-01,1.229286e+02,3.322082e-03,6.812877e-05,1.97065679e+01
P5,0.15,2.249,4.712389,270.0000,0.726562,3.175724e-01,9.286836e-01,1.603731e-01,1.229286e+02,3.322082e-03,6.812877e-05,1.97060628e+01
P5,0.15,2.249,4.886922,280.0000,0.726562,3.175724e-01,9.286836e-01,1.603731e-01,1.229286e+02,3.322082e-03,6.812877e-05,1.97065679e+01
P5,0.15,2.249,5.061455,290.0000,0.726562,3.175724e-01,9.286836e-01,1.603731e-01,1.229286e+02,3.322082e-03,6.812877e-05,1.97080222e+01
P5,0.15,2.249,5.235988,300.0000,0.726562,3.175724e-01,9.286836e-01,1.603731e-01,1.229286e+02,3.322082e-03,6.812877e-05,1.97102503e+01
P5,0.15,2.249,5.410521,310.0000,0.726562,3.175724e-01,9.286836e-01,1.603731e-01,1.229286e+02,3.322082e-03,6.812877e-05,1.97129835e+01
P5,0.15,2.249,5.585054,320.0000,0.726562,3.175724e-01,9.286836e-01,1.603731e-01,1.229286e+02,3.322082e-03,6.812877e-05,1.97158921e+01
P5,0.15,2.249,5.759587,330.0000,0.726562,3.175724e-01,9.286836e-01,1.603731e-01,1.229286e+02,3.322082e-03,6.812877e-05,1.97186253e+01
P5,0.15,2.249,5.934119,340.0000,0.726562,3.175724e-01,9.286836e-01,1.603731e-01,1.229286e+02,3.322082e-03,6.812877e-05,1.97208534e+01
P5,0.15,2.249,6.108652,350.0000,0.726562,3.175724e-01,9.286836e-01,1.603731e-01,1.229286e+02,3.322082e-03,6.812877e-05,1.97223077e+01
P5,0.15,2.249,6.283185,360.0000,0.726562,3.175724e-01,9.286836e-01,1.603731e-01,1.229286e+02,3.322082e-03,6.812877e-05,1.97228128e+01
P6,0.164,1.842,0.000000,0.0000,0.544277,3.115574e-01,8.463408e-01,1.831015e-01,1.372777e+02,2.937502e-03,1.097723e-04,2.51508303e+01
P6,0.164,1.842,0.174533,10.0000,0.544277,3.115574e-01,8.463408e-01,1.831015e-01,1.372777e+02,2.937502e-03,1.097723e-04,2.51499215e+01
P6,0.164,1.842,0.349066,20.0000,0.544277,3.115574e-01,8.463408e-01,1.831015e-01,1.372777e+02,2.937502e-03,1.097723e-04,2.51473047e+01
P6,0.164,1.842,0.523599,30.0000,0.544277,3.115574e-01,8.463408e-01,1.831015e-01,1.372777e+02,2.937502e-03,1.097723e-04,2.51432956e+01
P6,0.164,1.842,0.698132,40.0000,0.544277,3.115574e-01,8.463408e-01,1.831015e-01,1.372777e+02,2.937502e-03,1.097723e-04,2.51383778e+01
P6,0.164,1.842,0.872665,50.0000,0.544277,3.115574e-01,8.463408e-01,1.831015e-01,1.372777e+02,2.937502e-03,1.097723e-04,2.51331442e+01
P6,0.164,1.842,1.047198,60.0000,0.544277,3.115574e-01,8.463408e-01,1.831015e-01,1.372777e+02,2.937502e-03,1.097723e-04,2.51282264e+01
P6,0.164,1.842,1.221730,70.0000,0.544277,3.115574e-01,8.463408e-01,1.831015e-01,1.372777e+02,2.937502e-03,1.097723e-04,2.51242173e+01
P6,0.164,1.842,1.396263,80.0000,0.544277,3.115574e-01,8.463408e-01,1.831015e-01,1.372777e+02,2.937502e-03,1.097723e-04,2.51216005e+01
P6,0.164,1.842,1.570796,90.0000,0.544277,3.115574e-01,8.463408e-01,1.831015e-01,1.372777e+02,2.937502e-03,1.097723e-04,2.51206917e+01
P6,0.164,1.842,1.745329,100.0000,0.544277,3.115574e-01,8.463408e-01,1.831015e-01,1.372777e+02,2.937502e-03,1.097723e-04,2.51216005e+01
P6,0.164,1.842,1.919862,110.0000,0.544277,3.115574e-01,8.463408e-01,1.831015e-01,1.372777e+02,2.937502e-03,1.097723e-04,2.51242173e+01
P6,0.164,1.842,2.094395,120.0000,0.544277,3.115574e-01,8.463408e-01,1.831015e-01,1.372777e+02,2.937502e-03,1.097723e-04,2.51282264e+01
P6,0.164,1.842,2.268928,130.0000,0.544277,3.115574e-01,8.463408e-01,1.831015e-01,1.372777e+02,2.937502e-03,1.097723e-04,2.51331442e+01
P6,0.164,1.842,2.443461,140.0000,0.544277,3.115574e-01,8.463408e-01,1.831015e-01,1.372777e+02,2.937502e-03,1.097723e-04,2.51383778e+01
P6,0.164,1.842,2.617994,150.0000,0.544277,3.115574e-01,8.463408e-01,1.831015e-01,1.372777e+02,2.937502e-03,1.097723e-04,2.51432956e+01
P6,0.164,1.842,2.792527,160.0000,0.544277,3.115574e-01,8.463408e-01,1.831015e-01,1.372777e+02,2.937502e-03,1.097723e-04,2.51473047e+01
P6,0.164,1.842,2.967060,170.0000,0.544277,3.115574e-01,8.463408e-01,1.831015e-01,1.372777e+02,2.937502e-03,1.097723e-04,2.51499215e+01
P6,0.164,1.842,3.141593,180.0000,0.544277,3.115574e-01,8.463408e-01,1.831015e-01,1.372777e+02,2.937502e-03,1.097723e-04,2.51508303e+01
P6,0.164,1.842,3.316126,190.0000,0.544277,3.115574e-01,8.463408e-01,1.831015e-01,1.372777e+02,2.937502e-03,1.097723e-04,2.51499215e+01
P6,0.164,1.842,3.490659,200.0000,0.544277,3.115574e-01,8.463408e-01,1.831015e-01,1.372777e+02,2.937502e-03,1.097723e-04,2.51473047e+01
P6,0.164,1.842,3.665191,210.0000,0.544277,3.115574e-01,8.463408e-01,1.831015e-01,1.372777e+02,2.937502e-03,1.097723e-04,2.51432956e+01
P6,0.164,1.842,3.839724,220.0000,0.544277,3.115574e-01,8.463408e-01,1.831015e-01,1.372777e+02,2.937502e-03,1.097723e-04,2.51383778e+01
P6,0.164,1.842,4.014257,230.0000,0.544277,3.115574e-01,8.463408e-01,1.831015e-01,1.372777e+02,2.937502e-03,1.097723e-04,2.51331442e+01
P6,0.164,1.842,4.188790,240.0000,0.544277,3.115574e-01,8.463408e-01,1.831015e-01,1.372777e+02,2.937502e-03,1.097723e-04,2.51282264e+01
P6,0.164,1.842,4.363323,250.0000,0.544277,3.115574e-01,8.463408e-01,1.831015e-01,1.372777e+02,2.937502e-03,1.097723e-04,2.51242173e+01
P6,0.164,1.842,4.537856,260.0000,0.544277,3.115574e-01,8.463408e-01,1.831015e-01,1.372777e+02,2.937502e-03,1.097723e-04,2.51216005e+01
P6,0.164,1.842,4.712389,270.0000,0.544277,3.115574e-01,8.463408e-01,1.831015e-01,1.372777e+02,2.937502e-03,1.097723e-04,2.51206917e+01
P6,0.164,1.842,4.886922,280.0000,0.544277,3.115574e-01,8.463408e-01,1.831015e-01,1.372777e+02,2.937502e-03,1.097723e-04,2.51216005e+01
P6,0.164,1.842,5.061455,290.0000,0.544277,3.115574e-01,8.463408e-01,1.831015e-01,1.372777e+02,2.937502e-03,1.097723e-04,2.51242173e+01
P6,0.164,1.842,5.235988,300.0000,0.544277,3.115574e-01,8.463408e-01,1.831015e-01,1.372777e+02,2.937502e-03,1.097723e-04,2.51282264e+01
P6,0.164,1.842,5.410521,310.0000,0.544277,3.115574e-01,8.463408e-01,1.831015e-01,1.372777e+02,2.937502e-03,1.097723e-04,2.51331442e+01
P6,0.164,1.842,5.585054,320.0000,0.544277,3.115574e-01,8.463408e-01,1.831015e-01,1.372777e+02,2.937502e-03,1.097723e-04,2.51383778e+01
P6,0.164,1.842,5.759587,330.0000,0.544277,3.115574e-01,8.463408e-01,1.831015e-01,1.372777e+02,2.937502e-03,1.097723e-04,2.51432956e+01
P6,0.164,1.842,5.934119,340.0000,0.544277,3.115574e-01,8.463408e-01,1.831015e-01,1.372777e+02,2.937502e-03,1.097723e-04,2.51473047e+01
P6,0.164,1.842,6.108652,350.0000,0.544277,3.115574e-01,8.463408e-01,1.831015e-01,1.372777e+02,2.937502e-03,1.097723e-04,2.51499215e+01
P6,0.164,1.842,6.283185,360.0000,0.544277,3.115574e-01,8.463408e-01,1.831015e-01,1.372777e+02,2.937502e-03,1.097723e-04,2.51508303e+01
P7,0.228,2.999,0.000000,0.0000,0.637406,2.883714e-01,5.686204e-01,1.572350e-01,6.064880e+01,1.125146e-03,4.650872e-05,9.53893237e+00
P7,0.228,2.999,0.174533,10.0000,0.637406,2.883714e-01,5.686204e-01,1.572350e-01,6.064880e+01,1.125146e-03,4.650872e-05,9.53876226e+00
P7,0.228,2.999,0.349066,20.0000,0.637406,2.883714e-01,5.686204e-01,1.572350e-01,6.064880e+01,1.125146e-03,4.650872e-05,9.53827245e+00
P7,0.228,2.999,0.523599,30.0000,0.637406,2.883714e-01,5.686204e-01,1.572350e-01,6.064880e+01,1.125146e-03,4.650872e-05,9.53752202e+00
P7,0.228,2.999,0.698132,40.0000,0.637406,2.883714e-01,5.686204e-01,1.572350e-01,6.064880e+01,1.125146e-03,4.650872e-05,9.53660148e+00
P7,0.228,2.999,0.872665,50.0000,0.637406,2.883714e-01,5.686204e-01,1.572350e-01,6.064880e+01,1.125146e-03,4.650872e-05,9.53562186e+00
P7,0.228,2.999,1.047198,60.0000,0.637406,2.883714e-01,5.686204e-01,1.572350e-01,6.064880e+01,1.125146e-03,4.650872e-05,9.53470132e+00
P7,0.228,2.999,1.221730,70.0000,0.637406,2.883714e-01,5.686204e-01,1.572350e-01,6.064880e+01,1.125146e-03,4.650872e-05,9.53395089e+00
P7,0.228,2.999,1.396263,80.0000,0.637406,2.883714e-01,5.686204e-01,1.572350e-01,6.064880e+01,1.125146e-03,4.650872e-05,9.53346108e+00
P7,0.228,2.999,1.570796,90.0000,0.637406,2.883714e-01,5.686204e-01,1.572350e-01,6.064880e+01,1.125146e-03,4.650872e-05,9.53329097e+00
P7,0.228,2.999,1.745329,100.0000,0.637406,2.883714e-01,5.686204e-01,1.572350e-01,6.064880e+01,1.125146e-03,4.650872e-05,9.53346108e+00
P7,0.228,2.999,1.919862,110.0000,0.637406,2.883714e-01,5.686204e-01,1.572350e-01,6.064880e+01,1.125146e-03,4.650872e-05,9.53395089e+00
P7,0.228,2.999,2.094395,120.0000,0.637406,2.883714e-01,5.686204e-01,1.572350e-01,6.064880e+01,1.125146e-03,4.650872e-05,9.53470132e+00
P7,0.228,2.999,2.268928,130.0000,0.637406,2.883714e-01,5.686204e-01,1.572350e-01,6.064880e+01,1.125146e-03,4.650872e-05,9.53562186e+00
P7,0.228,2.999,2.443461,140.0000,0.637406,2.883714e-01,5.686204e-01,1.572350e-01,6.064880e+01,1.125146e-03,4.650872e-05,9.53660148e+00
P7,0.228,2.999,2.617994,150.0000,0.637406,2.883714e-01,5.686204e-01,1.572350e-01,6.064880e+01,1.125146e-03,4.650872e-05,9.53752202e+00
P7,0.228,2.999,2.792527,160.0000,0.637406,2.883714e-01,5.686204e-01,1.572350e-01,6.064880e+01,1.125146e-03,4.650872e-05,9.53827245e+00
P7,0.228,2.999,2.967060,170.0000,0.637406,2.883714e-01,5.686204e-01,1.572350e-01,6.064880e+01,1.125146e-03,4.650872e-05,9.53876226e+00
P7,0.228,2.999,3.141593,180.0000,0.637406,2.883714e-01,5.686204e-01,1.572350e-01,6.064880e+01,1.125146e-03,4.650872e-05,9.53893237e+00
P7,0.228,2.999,3.316126,190.0000,0.637406,2.883714e-01,5.686204e-01,1.572350e-01,6.064880e+01,1.125146e-03,4.650872e-05,9.53876226e+00
P7,0.228,2.999,3.490659,200.0000,0.637406,2.883714e-01,5.686204e-01,1.572350e-01,6.064880e+01,1.125146e-03,4.650872e-05,9.53827245e+00
P7,0.228,2.999,3.665191,210.0000,0.637406,2.883714e-01,5.686204e-01,1.572350e-01,6.064880e+01,1.125146e-03,4.650872e-05,9.53752202e+00
P7,0.228,2.999,3.839724,220.0000,0.637406,2.883714e-01,5.686204e-01,1.572350e-01,6.064880e+01,1.125146e-03,4.650872e-05,9.53660148e+00
P7,0.228,2.999,4.014257,230.0000,0.637406,2.883714e-01,5.686204e-01,1.572350e-01,6.064880e+01,1.125146e-03,4.650872e-05,9.53562186e+00
P7,0.228,2.999,4.188790,240.0000,0.637406,2.883714e-01,5.686204e-01,1.572350e-01,6.064880e+01,1.125146e-03,4.650872e-05,9.53470132e+00
P7,0.228,2.999,4.363323,250.0000,0.637406,2.883714e-01,5.686204e-01,1.572350e-01,6.064880e+01,1.125146e-03,4.650872e-05,9.53395089e+00
P7,0.228,2.999,4.537856,260.0000,0.637406,2.883714e-01,5.686204e-01,1.572350e-01,6.064880e+01,1.125146e-03,4.650872e-05,9.53346108e+00
P7,0.228,2.999,4.712389,270.0000,0.637406,2.883714e-01,5.686204e-01,1.572350e-01,6.064880e+01,1.125146e-03,4.650872e-05,9.53329097e+00
P7,0.228,2.999,4.886922,280.0000,0.637406,2.883714e-01,5.686204e-01,1.572350e-01,6.064880e+01,1.125146e-03,4.650872e-05,9.53346108e+00
P7,0.228,2.999,5.061455,290.0000,0.637406,2.883714e-01,5.686204e-01,1.572350e-01,6.064880e+01,1.125146e-03,4.650872e-05,9.53395089e+00
P7,0.228,2.999,5.235988,300.0000,0.637406,2.883714e-01,5.686204e-01,1.572350e-01,6.064880e+01,1.125146e-03,4.650872e-05,9.53470132e+00
P7,0.228,2.999,5.410521,310.0000,0.637406,2.883714e-01,5.686204e-01,1.572350e-01,6.064880e+01,1.125146e-03,4.650872e-05,9.53562186e+00
P7,0.228,2.999,5.585054,320.0000,0.637406,2.883714e-01,5.686204e-01,1.572350e-01,6.064880e+01,1.125146e-03,4.650872e-05,9.53660148e+00
P7,0.228,2.999,5.759587,330.0000,0.637406,2.883714e-01,5.686204e-01,1.572350e-01,6.064880e+01,1.125146e-03,4.650872e-05,9.53752202e+00
P7,0.228,2.999,5.934119,340.0000,0.637406,2.883714e-01,5.686204e-01,1.572350e-01,6.064880e+01,1.125146e-03,4.650872e-05,9.53827245e+00
P7,0.228,2.999,6.108652,350.0000,0.637406,2.883714e-01,5.686204e-01,1.572350e-01,6.064880e+01,1.125146e-03,4.650872e-05,9.53876226e+00
P7,0.228,2.999,6.283185,360.0000,0.637406,2.883714e-01,5.686204e-01,1.572350e-01,6.064880e+01,1.125146e-03,4.650872e-05,9.53893237e+00
P8,0.333,3.748,0.000000,0.0000,0.545418,2.264126e-01,3.180991e-01,1.344343e-01,3.322689e+01,2.154104e-04,1.630394e-05,4.46737520e+00
P8,0.333,3.748,0.174533,10.0000,0.545418,2.264126e-01,3.180991e-01,1.344343e-01,3.322689e+01,2.154104e-04,1.630394e-05,4.46734253e+00
P8,0.333,3.748,0.349066,20.0000,0.545418,2.264126e-01,3.180991e-01,1.344343e-01,3.322689e+01,2.154104e-04,1.630394e-05,4.46724846e+00
P8,0.333,3.748,0.523599,30.0000,0.545418,2.264126e-01,3.180991e-01,1.344343e-01,3.322689e+01,2.154104e-04,1.630394e-05,4.46710434e+00
P8,0.333,3.748,0.698132,40.0000,0.545418,2.264126e-01,3.180991e-01,1.344343e-01,3.322689e+01,2.154104e-04,1.630394e-05,4.46692754e+00
P8,0.333,3.748,0.872665,50.0000,0.545418,2.264126e-01,3.180991e-01,1.344343e-01,3.322689e+01,2.154104e-04,1.630394e-05,4.46673940e+00
P8,0.333,3.748,1.047198,60.0000,0.545418,2.264126e-01,3.180991e-01,1.344343e-01,3.322689e+01,2.154104e-04,1.630394e-05,4.46656261e+00
P8,0.333,3.748,1.221730,70.0000,0.545418,2.264126e-01,3.180991e-01,1.344343e-01,3.322689e+01,2.154104e-04,1.630394e-05,4.46641849e+00
P8,0.333,3.748,1.396263,80.0000,0.545418,2.264126e-01,3.180991e-01,1.344343e-01,3.322689e+01,2.154104e-04,1.630394e-05,4.46632441e+00
P8,0.333,3.748,1.570796,90.0000,0.545418,2.264126e-01,3.180991e-01,1.344343e-01,3.322689e+01,2.154104e-04,1.630394e-05,4.46629174e+00
P8,0.333,3.748,1.745329,100.0000,0.545418,2.264126e-01,3.180991e-01,1.344343e-01,3.322689e+01,2.154104e-04,1.630394e-05,4.46632441e+00
P8,0.333,3.748,1.919862,110.0000,0.545418,2.264126e-01,3.180991e-01,1.344343e-01,3.322689e+01,2.154104e-04,1.630394e-05,4.46641849e+00
P8,0.333,3.748,2.094395,120.0000,0.545418,2.264126e-01,3.180991e-01,1.344343e-01,3.322689e+01,2.154104e-04,1.630394e-05,4.46656261e+00
P8,0.333,3.748,2.268928,130.0000,0.545418,2.264126e-01,3.180991e-01,1.344343e-01,3.322689e+01,2.154104e-04,1.630394e-05,4.46673940e+00
P8,0.333,3.748,2.443461,140.0000,0.545418,2.264126e-01,3.180991e-01,1.344343e-01,3.322689e+01,2.154104e-04,1.630394e-05,4.46692754e+00
P8,0.333,3.748,2.617994,150.0000,0.545418,2.264126e-01,3.180991e-01,1.344343e-01,3.322689e+01,2.154104e-04,1.630394e-05,4.46710434e+00
P8,0.333,3.748,2.792527,160.0000,0.545418,2.264126e-01,3.180991e-01,1.344343e-01,3.322689e+01,2.154104e-04,1.630394e-05,4.46724846e+00
P8,0.333,3.748,2.967060,170.0000,0.545418,2.264126e-01,3.180991e-01,1.344343e-01,3.322689e+01,2.154104e-04,1.630394e-05,4.46734253e+00
P8,0.333,3.748,3.141593,180.0000,0.545418,2.264126e-01,3.180991e-01,1.344343e-01,3.322689e+01,2.154104e-04,1.630394e-05,4.46737520e+00
P8,0.333,3.748,3.316126,190.0000,0.545418,2.264126e-01,3.180991e-01,1.344343e-01,3.322689e+01,2.154104e-04,1.630394e-05,4.46734253e+00
P8,0.333,3.748,3.490659,200.0000,0.545418,2.264126e-01,3.180991e-01,1.344343e-01,3.322689e+01,2.154104e-04,1.630394e-05,4.46724846e+00
P8,0.333,3.748,3.665191,210.0000,0.545418,2.264126e-01,3.180991e-01,1.344343e-01,3.322689e+01,2.154104e-04,1.630394e-05,4.46710434e+00
P8,0.333,3.748,3.839724,220.0000,0.545418,2.264126e-01,3.180991e-01,1.344343e-01,3.322689e+01,2.154104e-04,1.630394e-05,4.46692754e+00
P8,0.333,3.748,4.014257,230.0000,0.545418,2.264126e-01,3.180991e-01,1.344343e-01,3.322689e+01,2.154104e-04,1.630394e-05,4.46673940e+00
P8,0.333,3.748,4.188790,240.0000,0.545418,2.264126e-01,3.180991e-01,1.344343e-01,3.322689e+01,2.154104e-04,1.630394e-05,4.46656261e+00
P8,0.333,3.748,4.363323,250.0000,0.545418,2.264126e-01,3.180991e-01,1.344343e-01,3.322689e+01,2.154104e-04,1.630394e-05,4.46641849e+00
P8,0.333,3.748,4.537856,260.0000,0.545418,2.264126e-01,3.180991e-01,1.344343e-01,3.322689e+01,2.154104e-04,1.630394e-05,4.46632441e+00
P8,0.333,3.748,4.712389,270.0000,0.545418,2.264126e-01,3.180991e-01,1.344343e-01,3.322689e+01,2.154104e-04,1.630394e-05,4.46629174e+00
P8,0.333,3.748,4.886922,280.0000,0.545418,2.264126e-01,3.180991e-01,1.344343e-01,3.322689e+01,2.154104e-04,1.630394e-05,4.46632441e+00
P8,0.333,3.748,5.061455,290.0000,0.545418,2.264126e-01,3.180991e-01,1.344343e-01,3.322689e+01,2.154104e-04,1.630394e-05,4.46641849e+00
P8,0.333,3.748,5.235988,300.0000,0.545418,2.264126e-01,3.180991e-01,1.344343e-01,3.322689e+01,2.154104e-04,1.630394e-05,4.46656261e+00
P8,0.333,3.748,5.410521,310.0000,0.545418,2.264126e-01,3.180991e-01,1.344343e-01,3.322689e+01,2.154104e-04,1.630394e-05,4.46673940e+00
P8,0.333,3.748,5.585054,320.0000,0.545418,2.264126e-01,3.180991e-01,1.344343e-01,3.322689e+01,2.154104e-04,1.630394e-05,4.46692754e+00
P8,0.333,3.748,5.759587,330.0000,0.545418,2.264126e-01,3.180991e-01,1.344343e-01,3.322689e+01,2.154104e-04,1.630394e-05,4.46710434e+00
P8,0.333,3.748,5.934119,340.0000,0.545418,2.264126e-01,3.180991e-01,1.344343e-01,3.322689e+01,2.154104e-04,1.630394e-05,4.46724846e+00
P8,0.333,3.748,6.108652,350.0000,0.545418,2.264126e-01,3.180991e-01,1.344343e-01,3.322689e+01,2.154104e-04,1.630394e-05,4.46734253e+00
P8,0.333,3.748,6.283185,360.0000,0.545418,2.264126e-01,3.180991e-01,1.344343e-01,3.322689e+01,2.154104e-04,1.630394e-05,4.46737520e+00
